{
  "meta": {
    "simulationCount": 100,
    "empiricalProbabilityCombined": 100,
    "analyticalProbabilityCombined": 100,
    "empiricalStdErr": 0.0001,
    "parts": 12,
    "timestamp": "2026-07-03T20:31:47.577Z"
  },
  "raw": [
    {
      "probability": 100,
      "analyticalProbability": 100,
      "timePenaltyApplied": false,
      "timePenaltyScoreDrop": 0,
      "projectedTotalTimeSeconds": 0,
      "examDurationMinutes": 0,
      "mean": 75.14603700125433,
      "projectedMean": 75.14603700125433,
      "sd": 13.474511787075583,
      "ci95Low": 55.65836885737957,
      "ci95High": 94.63370514512908,
      "currentMean": 67.65866666666666,
      "drift": 0,
      "volatility": 4.668623717613861,
      "confidence": "medium",
      "trendType": "linear",
      "ciConformalLow": 55.65836885737957,
      "ciConformalHigh": 94.63370514512908,
      "diagnostics": {
        "trendType": "linear",
        "effectiveDriftSlope": 0,
        "conformalCoverage": 0.9,
        "simulationCount": 9,
        "historicalMean": 65.8,
        "effectiveN": 5
      }
    },
    {
      "probability": 100,
      "analyticalProbability": 100,
      "timePenaltyApplied": false,
      "timePenaltyScoreDrop": 0,
      "projectedTotalTimeSeconds": 0,
      "examDurationMinutes": 0,
      "mean": 75.14603700125433,
      "projectedMean": 75.14603700125433,
      "sd": 13.474511787075583,
      "ci95Low": 55.65836885737957,
      "ci95High": 94.63370514512908,
      "currentMean": 67.65866666666666,
      "drift": 0,
      "volatility": 4.668623717613861,
      "confidence": "medium",
      "trendType": "linear",
      "ciConformalLow": 55.65836885737957,
      "ciConformalHigh": 94.63370514512908,
      "diagnostics": {
        "trendType": "linear",
        "effectiveDriftSlope": 0,
        "conformalCoverage": 0.9,
        "simulationCount": 9,
        "historicalMean": 65.8,
        "effectiveN": 5
      }
    },
    {
      "probability": 100,
      "analyticalProbability": 100,
      "timePenaltyApplied": false,
      "timePenaltyScoreDrop": 0,
      "projectedTotalTimeSeconds": 0,
      "examDurationMinutes": 0,
      "mean": 75.14603700125433,
      "projectedMean": 75.14603700125433,
      "sd": 13.474511787075583,
      "ci95Low": 55.65836885737957,
      "ci95High": 94.63370514512908,
      "currentMean": 67.65866666666666,
      "drift": 0,
      "volatility": 4.668623717613861,
      "confidence": "medium",
      "trendType": "linear",
      "ciConformalLow": 55.65836885737957,
      "ciConformalHigh": 94.63370514512908,
      "diagnostics": {
        "trendType": "linear",
        "effectiveDriftSlope": 0,
        "conformalCoverage": 0.9,
        "simulationCount": 9,
        "historicalMean": 65.8,
        "effectiveN": 5
      }
    },
    {
      "probability": 100,
      "analyticalProbability": 100,
      "timePenaltyApplied": false,
      "timePenaltyScoreDrop": 0,
      "projectedTotalTimeSeconds": 0,
      "examDurationMinutes": 0,
      "mean": 75.14603700125433,
      "projectedMean": 75.14603700125433,
      "sd": 13.474511787075583,
      "ci95Low": 55.65836885737957,
      "ci95High": 94.63370514512908,
      "currentMean": 67.65866666666666,
      "drift": 0,
      "volatility": 4.668623717613861,
      "confidence": "medium",
      "trendType": "linear",
      "ciConformalLow": 55.65836885737957,
      "ciConformalHigh": 94.63370514512908,
      "diagnostics": {
        "trendType": "linear",
        "effectiveDriftSlope": 0,
        "conformalCoverage": 0.9,
        "simulationCount": 9,
        "historicalMean": 65.8,
        "effectiveN": 5
      }
    },
    {
      "probability": 100,
      "analyticalProbability": 100,
      "timePenaltyApplied": false,
      "timePenaltyScoreDrop": 0,
      "projectedTotalTimeSeconds": 0,
      "examDurationMinutes": 0,
      "mean": 74.09145312683809,
      "projectedMean": 74.09145312683809,
      "sd": 14.002168957147013,
      "ci95Low": 53.549201108547095,
      "ci95High": 94.63370514512908,
      "currentMean": 67.65866666666666,
      "drift": 0,
      "volatility": 4.668623717613861,
      "confidence": "medium",
      "trendType": "linear",
      "ciConformalLow": 53.549201108547095,
      "ciConformalHigh": 94.63370514512908,
      "diagnostics": {
        "trendType": "linear",
        "effectiveDriftSlope": 0,
        "conformalCoverage": 0.9,
        "simulationCount": 8,
        "historicalMean": 65.8,
        "effectiveN": 5
      }
    },
    {
      "probability": 100,
      "analyticalProbability": 100,
      "timePenaltyApplied": false,
      "timePenaltyScoreDrop": 0,
      "projectedTotalTimeSeconds": 0,
      "examDurationMinutes": 0,
      "mean": 74.09145312683809,
      "projectedMean": 74.09145312683809,
      "sd": 14.002168957147013,
      "ci95Low": 53.549201108547095,
      "ci95High": 94.63370514512908,
      "currentMean": 67.65866666666666,
      "drift": 0,
      "volatility": 4.668623717613861,
      "confidence": "medium",
      "trendType": "linear",
      "ciConformalLow": 53.549201108547095,
      "ciConformalHigh": 94.63370514512908,
      "diagnostics": {
        "trendType": "linear",
        "effectiveDriftSlope": 0,
        "conformalCoverage": 0.9,
        "simulationCount": 8,
        "historicalMean": 65.8,
        "effectiveN": 5
      }
    },
    {
      "probability": 100,
      "analyticalProbability": 100,
      "timePenaltyApplied": false,
      "timePenaltyScoreDrop": 0,
      "projectedTotalTimeSeconds": 0,
      "examDurationMinutes": 0,
      "mean": 74.09145312683809,
      "projectedMean": 74.09145312683809,
      "sd": 14.002168957147013,
      "ci95Low": 53.549201108547095,
      "ci95High": 94.63370514512908,
      "currentMean": 67.65866666666666,
      "drift": 0,
      "volatility": 4.668623717613861,
      "confidence": "medium",
      "trendType": "linear",
      "ciConformalLow": 53.549201108547095,
      "ciConformalHigh": 94.63370514512908,
      "diagnostics": {
        "trendType": "linear",
        "effectiveDriftSlope": 0,
        "conformalCoverage": 0.9,
        "simulationCount": 8,
        "historicalMean": 65.8,
        "effectiveN": 5
      }
    },
    {
      "probability": 100,
      "analyticalProbability": 100,
      "timePenaltyApplied": false,
      "timePenaltyScoreDrop": 0,
      "projectedTotalTimeSeconds": 0,
      "examDurationMinutes": 0,
      "mean": 74.09145312683809,
      "projectedMean": 74.09145312683809,
      "sd": 14.002168957147013,
      "ci95Low": 53.549201108547095,
      "ci95High": 94.63370514512908,
      "currentMean": 67.65866666666666,
      "drift": 0,
      "volatility": 4.668623717613861,
      "confidence": "medium",
      "trendType": "linear",
      "ciConformalLow": 53.549201108547095,
      "ciConformalHigh": 94.63370514512908,
      "diagnostics": {
        "trendType": "linear",
        "effectiveDriftSlope": 0,
        "conformalCoverage": 0.9,
        "simulationCount": 8,
        "historicalMean": 65.8,
        "effectiveN": 5
      }
    },
    {
      "probability": 100,
      "analyticalProbability": 100,
      "timePenaltyApplied": false,
      "timePenaltyScoreDrop": 0,
      "projectedTotalTimeSeconds": 0,
      "examDurationMinutes": 0,
      "mean": 74.09145312683809,
      "projectedMean": 74.09145312683809,
      "sd": 14.002168957147013,
      "ci95Low": 53.549201108547095,
      "ci95High": 94.63370514512908,
      "currentMean": 67.65866666666666,
      "drift": 0,
      "volatility": 4.668623717613861,
      "confidence": "medium",
      "trendType": "linear",
      "ciConformalLow": 53.549201108547095,
      "ciConformalHigh": 94.63370514512908,
      "diagnostics": {
        "trendType": "linear",
        "effectiveDriftSlope": 0,
        "conformalCoverage": 0.9,
        "simulationCount": 8,
        "historicalMean": 65.8,
        "effectiveN": 5
      }
    },
    {
      "probability": 100,
      "analyticalProbability": 100,